<?xml version="1.0" encoding="UTF-8"?><metadata>
    <idinfo>
        <citation>
            <citeinfo>
                <origin/>
                <pubdate>19930101</pubdate>
                <title>Florida Hydrologic Unit Code (HUC) Basins (areas)</title>
                <geoform>vector digital data</geoform>
                <onlink>http://publicfiles.dep.state.fl.us/OTIS/GIS/data/HUC_BASINS_AREAS.zip</onlink>
            </citeinfo>
        </citation>
        <descript>
            <abstract>Major HUC basins determined by DEP</abstract>
            <purpose>8-digit Hydrologic Unit Code (HUC) sub basin boundaries for modelling, mapping and analysis.</purpose>
        </descript>
        <timeperd>
            <timeinfo>
                <sngdate>
                    <caldate>20210219</caldate>
                </sngdate>
            </timeinfo>
            <current>Date data updated in the GIS library.</current>
        </timeperd>
        <status>
            <progress>Complete</progress>
            <update>None planned</update>
        </status>
        <spdom>
            <bounding>
                <westbc>-87.639218</westbc>
                <eastbc>-79.871592</eastbc>
                <northbc>31.042688</northbc>
                <southbc>24.471263</southbc>
            </bounding>
        </spdom>
        <keywords>
            <theme>
                <themekt>None</themekt>
                <themekey>Basins</themekey>
                <themekey>Water Resources (Inland)</themekey>
                <themekey>Hydrologic Unit Codes</themekey>
                <themekey>HUCs</themekey>
            </theme>
            <place>
                <placekt>None</placekt>
                <placekey>Florida</placekey>
            </place>
        </keywords>
        <accconst>None</accconst>
        <useconst>Regional variations of basin borders and the number of basins may exist between updates. Please note, the Everglades portion of the SFWMD subset was changed from HUC 03090204 to HUC 03090202 in order to resolve a boundary dispute/question discovered by the EPA. Basin boundaries were used to create the new linework.</useconst>
        <ptcontac>
            <cntinfo>
                <cntorgp>
                    <cntorg>FDEP, DEAR, Watershed Services Program</cntorg>
                    <cntper>Param Maharaj</cntper>
                </cntorgp>
                <cntpos>Environmental Consultant</cntpos>
                <cntaddr>
                    <addrtype>mailing and physical</addrtype>
                    <address>2600 Blair Stone Rd</address>
                    <city>Tallahassee</city>
                    <state>FL</state>
                    <postal>32399-2400</postal>
                    <country>US</country>
                </cntaddr>
                <cntvoice>850-245-8551</cntvoice>
                <cntemail>Param.Maharaj@floridadep.gov</cntemail>
            </cntinfo>
        </ptcontac>
        <datacred>FDEP</datacred>
        <native> Version 6.2 (Build 9200) ; Esri ArcGIS 10.6.1.9270</native>
    </idinfo>
    <dataqual>
        <lineage>
            <srcinfo>
                <srccite>
                    <citeinfo>
                        <title>Florida Hydrologic Unit Code (HUC) Basins (areas)</title>
                    </citeinfo>
                </srccite>
                <srcscale>24</srcscale>
                <typesrc>None</typesrc>
                <srccitea>7 1/2" USGS Quadrangle maps</srccitea>
            </srcinfo>
            <procstep>
                <procdesc>The HUC basin boundaries were derived from the latest basin coverage (3/97) by dissolving on the item 'HUC' with the poly option, using A/I 7.0.4. CREATOR OF SOURCE OR DATA LAYER AGENCY/ORGANIZATION : Department of Environmental Protection UNIT/SECTION : Environmental Resource Permitting CONTACT PERSON : Don Foose TITLE : PHONE NUMBER : 850/488-0892 AGENCY/ORGANIZATION : South Florida WMD (digitized SFWMD area) UNIT/SECTION : Information Systems CONTACT PERSON : Bob Brown TITLE : PHONE NUMBER : 407/686-8800 AGENCY/ORGANIZATION : St. Johns WMD (updated HUC coverage and SJWMD area) UNIT/SECTION : Surface Water CONTACT PERSON : Christine Adamus TITLE : Environmental Specialist PHONE NUMBER : 904/329-4500 In Spring '97, the data was converted from NAD27 to HPGN using the projection commmand within ARC/INFO version 7.0.4. In Spring, 1999, the shapefile of this dataset was inserted in Spatial Database Engine (SDE 3.0.2).</procdesc>
                <proccont>
                    <cntinfo>
                        <cntorgp>
                            <cntorg>Department of Environmental Protection</cntorg>
                        </cntorgp>
                    </cntinfo>
                </proccont>
            </procstep>
            <procstep>
                <procdesc>In August 2016, the data reflected in this layer was updated to represent the federally recognized (HUC 8) subbasins from the Watershed Boundary Dataset. The subbasins were clipped to the state of Florida using an outline derived from the previous HUC 8 boundaries along the northern edge of the state. Attributes for UFLAG, SHADE, HUC# and HUC_ID (Neither HUC# or HUC_ID are the 8-digit HUC code) were carried over from the old data by creating a centroid of the original HUC 8 polygons, followed by performing a spatial intersect with the new boundaries. Where data for new subbasins was missing for HUC# and HUC_ID, the next logical sequence of numbers was added; UFLAG and SHADE were not populated for new subbasins. Spatial geometry attributes were updated using the "calculate Geometry" command and FDEP Albers HARN coordinate system.</procdesc>
                <procdate>20160805</procdate>
                <proccont>
                    <cntinfo>
                        <cntorgp>
                            <cntorg>FDEP, DEAR</cntorg>
                            <cntper>Edwin Abbey</cntper>
                        </cntorgp>
                        <cntpos>Environmental Manager</cntpos>
                        <cntaddr>
                            <addrtype>mailing and physical</addrtype>
                            <address>2600 Blair Stone Rd</address>
                            <city>Tallahassee</city>
                            <state>FL</state>
                            <postal>32399-2400</postal>
                            <country>US</country>
                        </cntaddr>
                        <cntvoice>850-245-8550</cntvoice>
                        <cntemail>Edwin.Abbey@dep.state.fl.us</cntemail>
                    </cntinfo>
                </proccont>
            </procstep>
            <procstep>
                <procdesc>Updated data obtained from DEAR and updated the same in the GIS library. AREA and PERIMETER fields removed from this layer in lieu of the SHAPE.AREA and SHAPE.LEN fields mantained by SDE.</procdesc>
                <procdate>20160829</procdate>
                <proccont>
                    <cntinfo>
                        <cntorgp>
                            <cntorg>Florida Department of Environmental Protection (FDEP) OTIS/GIS Section</cntorg>
                        </cntorgp>
                        <cntaddr>
                            <addrtype>mailing and physical</addrtype>
                            <address>2600 Blair Stone Rd MS 6520</address>
                            <city>Tallahassee</city>
                            <state>FL</state>
                            <postal>32399-2400</postal>
                            <country>US</country>
                        </cntaddr>
                        <cntemail>GIS.Librarian@dep.state.fl.us</cntemail>
                    </cntinfo>
                </proccont>
            </procstep>
            <procstep>
                <procdesc>Edited the name of HUC_ID 30 to "Ocklawaha" per request from DEAR. Updated the same in the GIS library. </procdesc>
                <procdate>20210219</procdate>
                <proccont>
                    <cntinfo>
                        <cntorgp>
                            <cntorg>Florida Department of Environmental Protection (FDEP) OTIS</cntorg>
                        </cntorgp>
                        <cntaddr>
                            <addrtype>mailing and physical</addrtype>
                            <address>2600 Blair Stone Rd</address>
                            <address>MS 6520</address>
                            <city>Tallahassee</city>
                            <state>FL</state>
                            <postal>32399-2400</postal>
                            <country>US</country>
                        </cntaddr>
                        <cntemail>GIS.Librarian@dep.state.fl.us</cntemail>
                    </cntinfo>
                </proccont>
            </procstep>
        </lineage>
    </dataqual>
    <spdoinfo>
        <direct>Vector</direct>
        <ptvctinf>
            <sdtsterm>
                <sdtstype>Complete chain</sdtstype>
                <ptvctcnt>55</ptvctcnt>
            </sdtsterm>
        </ptvctinf>
    </spdoinfo>
    <eainfo>
        <detailed>
            <enttyp>
                <enttypl>HUC_BASINS_AREAS</enttypl>
            </enttyp>
            <attr>
                <attrlabl>HUC_ID</attrlabl>
            </attr>
            <attr>
                <attrlabl>HUC_</attrlabl>
            </attr>
            <attr>
                <attrlabl>NAME</attrlabl>
            </attr>
            <attr>
                <attrlabl>UFLAG</attrlabl>
            </attr>
            <attr>
                <attrlabl>SHADE</attrlabl>
            </attr>
            <attr>
                <attrlabl>HUC</attrlabl>
            </attr>
            <attr>
                <attrlabl>SHAPE</attrlabl>
                <attrdef>Feature geometry.</attrdef>
                <attrdefs>ESRI</attrdefs>
                <attrdomv>
                                        
                    
                    <udom>Coordinates defining the features.</udom>
                                        
                
                </attrdomv>
            </attr>
            <attr>
                <attrlabl>OBJECTID</attrlabl>
                <attrdef>Internal feature number.</attrdef>
                <attrdefs>ESRI</attrdefs>
                <attrdomv>
                                        
                    
                    <udom>Sequential unique whole numbers that are automatically generated.</udom>
                                        
                
                </attrdomv>
            </attr>
            <attr>
                <attrlabl>SHAPE.AREA</attrlabl>
            </attr>
            <attr>
                <attrlabl>SHAPE.LEN</attrlabl>
            </attr>
        </detailed>
        <overview>
            <eaover>ATTRIBUTE DESCRIPTION :



UFLAG was added as an attribute to the pat file in order to 

point to updates made by water management districts.  (this code is not as 

inclusive as that found in the basins coverage.)

	UFLAG CODE:

	  A: attribute change only

	  M: modification to the shape only

          N: new line work (for aat)

 	  U: update to both the shape and attribute



SHADE is a 3 digit code that uses colornames.shd.



Annotation is also available which provides the HUC names using the Textset, Font.</eaover>
        </overview>
    </eainfo>
    <metainfo>
        <metd>20210219</metd>
        <metc>
            <cntinfo>
                <cntorgp>
                    <cntorg>Florida Department of Environmental Protection (FDEP) OTIS/GIS Section</cntorg>
                </cntorgp>
                <cntaddr>
                    <addrtype>mailing and physical</addrtype>
                    <address>2600 Blair Stone Rd</address>
                    <address>MS 6520</address>
                    <city>Tallahassee</city>
                    <state>FL</state>
                    <postal>32399-2400</postal>
                    <country>US</country>
                </cntaddr>
                <cntemail>GIS.Librarian@dep.state.fl.us</cntemail>
            </cntinfo>
        </metc>
        <metstdn>FGDC Content Standard for Digital Geospatial Metadata</metstdn>
        <metstdv>FGDC-STD-001-1998</metstdv>
        <mettc>local time</mettc>
    </metainfo>
</metadata>
